"","longitude_start","latitude_start","pH_mean","pH_min","pH_max"
"1",-81.39829,13.34043,8.06948184967041,8.05867385864258,8.08044910430908
"2",-81.39777,13.34393,8.06948184967041,8.05867385864258,8.08044910430908
"3",-81.38864,13.36786,8.06948184967041,8.05867385864258,8.08044910430908
"4",-81.38029,13.39172,8.06948184967041,8.05867385864258,8.08044910430908
"5",-81.35909,13.38322,8.06948184967041,8.05867385864258,8.08044910430908
"6",-81.34969,13.36264,8.06948184967041,8.05867385864258,8.08044910430908
"7",-81.35561,13.34072,8.06948184967041,8.05867385864258,8.08044910430908
"8",-81.41025,13.36541,8.06948184967041,8.05867385864258,8.08044910430908
"9",-81.41335,13.36726,8.06948184967041,8.05867385864258,8.08044910430908
"10",-81.36716,13.32225,8.06948184967041,8.05867385864258,8.08044910430908
"11",-81.56845,3.9982,8.05579376220703,8.01247596740723,8.07292079925537
"12",-81.56515,3.99737,8.05579376220703,8.01247596740723,8.07292079925537
"13",-81.5703,4.00307,8.05508995056152,8.01182842254639,8.07319450378418
"14",-81.59661,4.01142,8.05508995056152,8.01182842254639,8.07319450378418
"15",-81.57326,3.98735,8.05579376220703,8.01247596740723,8.07292079925537
"16",-81.60143,4.00685,8.05508995056152,8.01182842254639,8.07319450378418
"17",-81.60462,3.98944,8.05579376220703,8.01247596740723,8.07292079925537
"18",-81.60547,4.00885,8.05508995056152,8.01182842254639,8.07319450378418
"19",-81.59995,4.00515,8.05508995056152,8.01182842254639,8.07319450378418
"20",-81.62184,3.99871,8.05579376220703,8.01247596740723,8.07292079925537
"21",-81.585,4.02167,8.05508995056152,8.01182842254639,8.07319450378418
"22",-81.60334,4.00594,8.05508995056152,8.01182842254639,8.07319450378418
"23",-81.60248,4.00276,8.05508995056152,8.01182842254639,8.07319450378418
"24",-81.60259,4.00286,8.05508995056152,8.01182842254639,8.07319450378418
"25",-81.61842,3.99357,8.05579376220703,8.01247596740723,8.07292079925537
"26",-81.6205,3.9929,8.05579376220703,8.01247596740723,8.07292079925537
"27",-81.60371,4.00226,8.05508995056152,8.01182842254639,8.07319450378418
"28",-81.60332,4.00202,8.05508995056152,8.01182842254639,8.07319450378418
"29",-81.60392,4.0023,8.05508995056152,8.01182842254639,8.07319450378418
"30",-61.50429,16.48538,8.07632827758789,8.06336879730225,8.09198188781738
"31",-61.51445,16.50096,8.07632827758789,8.06336879730225,8.09198188781738
"32",-61.52166,16.47047,8.07632827758789,8.06336879730225,8.09198188781738
"33",-61.85716,16.07855,8.07632827758789,8.06336879730225,8.09198188781738
"34",-61.14683,16.20771,8.07673645019531,8.06395053863525,8.09226703643799
"35",-61.57521,16.359,8.07632827758789,8.06336879730225,8.09198188781738
"36",-61.52821,16.37651,8.07632827758789,8.06336879730225,8.09198188781738
"37",-61.53646,16.20352,8.07632827758789,8.06336879730225,8.09198188781738
"38",-61.50619,16.15962,8.07632827758789,8.06336879730225,8.09198188781738
"39",-61.11949,16.18316,8.07673645019531,8.06395053863525,8.09226703643799
"40",-61.09994,16.17763,8.07673645019531,8.06395053863525,8.09226703643799
"41",-61.213,16.24619,8.07673645019531,8.06395053863525,8.09226703643799
"42",-61.82218,16.2617,8.07632827758789,8.06336879730225,8.09198188781738
"43",-61.82252,16.26194,8.07632827758789,8.06336879730225,8.09198188781738
"44",-61.54755,16.2552,8.07632827758789,8.06336879730225,8.09198188781738
"45",-61.87116,16.24518,8.07632827758789,8.06336879730225,8.09198188781738
"46",-61.87493,16.15732,8.07632827758789,8.06336879730225,8.09198188781738
"47",-61.8644,16.14098,8.07632827758789,8.06336879730225,8.09198188781738
"48",-61.67195,16.32673,8.07632827758789,8.06336879730225,8.09198188781738
"49",-145.447768,-16.500305,8.05819892883301,8.04648780822754,8.07014083862305
"50",-145.449233,-16.500979,8.05819892883301,8.04648780822754,8.07014083862305
"51",-145.447721,-16.500383,8.05819892883301,8.04648780822754,8.07014083862305
"52",-145.44823,-16.500328,8.05819892883301,8.04648780822754,8.07014083862305
"53",-145.447065,-16.499774,8.05819892883301,8.04648780822754,8.07014083862305
"54",-145.447461,-16.500438,8.05819892883301,8.04648780822754,8.07014083862305
"55",-145.446963,-16.499381,8.05819892883301,8.04648780822754,8.07014083862305
"56",-145.447254,-16.500378,8.05819892883301,8.04648780822754,8.07014083862305
"57",-145.463558,-16.515778,8.05819892883301,8.04648780822754,8.07014083862305
"58",-145.462426,-16.516914,8.05819892883301,8.04648780822754,8.07014083862305
"59",-145.459671,-16.5209,8.05819892883301,8.04648780822754,8.07014083862305
"60",-145.455602,-16.531748,8.05819892883301,8.04648780822754,8.07014083862305
"61",-145.450593,-16.525988,8.05819892883301,8.04648780822754,8.07014083862305
"62",-73.69206,11.26593,8.06796836853027,8.0601749420166,8.07413768768311
"63",-73.702106,11.2668,8.06796836853027,8.0601749420166,8.07413768768311
"64",-73.641601,11.266771,8.06796836853027,8.0601749420166,8.07413768768311
"65",-73.704129,11.257738,8.06796836853027,8.0601749420166,8.07413768768311
"66",-73.69688,11.242452,8.06796836853027,8.0601749420166,8.07413768768311
"67",-73.697869,11.226491,8.06796836853027,8.0601749420166,8.07413768768311
"68",-73.780055,11.312972,8.06796836853027,8.0601749420166,8.07413768768311
"69",-73.766667,11.347639,8.06796836853027,8.0601749420166,8.07413768768311
"70",-74.110443,11.337649,8.06796836853027,8.0601749420166,8.07413768768311
"71",-74.114845,11.328275,8.06796836853027,8.0601749420166,8.07413768768311
"72",-74.116304,11.330775,8.06796836853027,8.0601749420166,8.07413768768311
"73",-74.112103,11.340723,8.06796836853027,8.0601749420166,8.07413768768311
"74",-74.112686,11.341963,8.06796836853027,8.0601749420166,8.07413768768311
"75",-74.114275,11.326676,8.06796836853027,8.0601749420166,8.07413768768311
"76",-74.115761,11.330174,8.06796836853027,8.0601749420166,8.07413768768311
"77",-74.114296,11.328421,8.06796836853027,8.0601749420166,8.07413768768311
"78",40.33886,-22.33944,8.08589649200439,8.06025409698486,8.10802459716797
"79",40.35581,-22.33281,8.08589649200439,8.06025409698486,8.10802459716797
"80",40.36129,-22.33078,8.08589649200439,8.06025409698486,8.10802459716797
"81",40.36433,-22.32652,8.08589649200439,8.06025409698486,8.10802459716797
"82",40.36156,-22.32454,8.08589649200439,8.06025409698486,8.10802459716797
"83",40.39666,-22.33752,8.08589649200439,8.06025409698486,8.10802459716797
"84",40.41177,-22.33644,8.08589649200439,8.06025409698486,8.10802459716797
"85",40.33888,-22.33879,8.08589649200439,8.06025409698486,8.10802459716797
"86",41.77472,-18.6225,8.07408714294434,8.0510835647583,8.09611129760742
"87",42.04219,-18.12441,8.07408714294434,8.0510835647583,8.09611129760742
"88",42.66956,-17.038661,8.0748291015625,8.05374813079834,8.09519100189209
"89",42.67851,-17.05547,8.0748291015625,8.05374813079834,8.09519100189209
"90",42.66977,-17.03868,8.0748291015625,8.05374813079834,8.09519100189209
"91",42.67116,-17.05712,8.0748291015625,8.05374813079834,8.09519100189209
"92",42.654805,-17.023831,8.0748291015625,8.05374813079834,8.09519100189209
"93",42.74781,-17.02874,8.0748291015625,8.05374813079834,8.09519100189209
"94",42.53472,-15.52306,8.07324314117432,8.05815601348877,8.08687019348145
"95",47.28334,-11.58652,8.07619380950928,8.06316661834717,8.08858776092529
"96",47.29144,-11.56444,8.07619380950928,8.06316661834717,8.08858776092529
"97",47.28871,-11.56593,8.07619380950928,8.06316661834717,8.08858776092529
"98",47.28774,-11.56503,8.07619380950928,8.06316661834717,8.08858776092529
"99",47.28501,-11.56269,8.07619380950928,8.06316661834717,8.08858776092529
"100",47.2857,-11.5581,8.07619380950928,8.06316661834717,8.08858776092529
"101",54.51575373,-15.89453623,8.08032608032227,8.06426334381104,8.09600257873535
"102",54.51736,-15.89278,8.08032608032227,8.06426334381104,8.09600257873535
"103",54.51689,-15.89311,8.08032608032227,8.06426334381104,8.09600257873535
"104",54.5139,-15.89239,8.08032608032227,8.06426334381104,8.09600257873535
"105",54.50882665,-15.93020533,8.08032608032227,8.06426334381104,8.09600257873535
"106",-4.7780248,46.8961393,8.11530685424805,8.10148620605469,8.12829875946045
"107",-4.2150256,46.3147228,8.11869144439697,8.10172748565674,8.13405704498291
"108",-3.8861062,46.0509606,8.11869144439697,8.10172748565674,8.13405704498291
"109",-3.2114348,45.8907485,8.1181755065918,8.09697818756104,8.13302707672119
"110",-3.2297848,45.2438012,8.1181755065918,8.09697818756104,8.13302707672119
"111",-1.8595568,44.8782105,8.12072658538818,8.09391784667969,8.13892364501953
"112",-1.8937318,44.2505771,8.12072658538818,8.09391784667969,8.13892364501953
"113",-1.9882645,43.8334093,8.1198582649231,8.09433507919312,8.13793849945068
"114",-1.3818145,44.0949793,8.12041918436686,8.09345404307047,8.13957564036051
"115",-1.3295563,44.5427539,8.1198582649231,8.09433507919312,8.13793849945068
"116",-1.4159793,45.5494714,8.12073364257813,8.09543418884277,8.1394437789917
"117",-1.9193916,45.7357645,8.12503623962402,8.09778499603271,8.14772891998291
"118",-2.395217,45.8661842,8.12503623962402,8.09778499603271,8.14772891998291
"119",-2.5939192,46.6230167,8.12423515319824,8.09983062744141,8.14546489715576
"120",-1.9759778,46.5962065,8.12248229980469,8.09819793701172,8.14207363128662
"121",3.790081,40.022395,8.11400127410889,8.04636287689209,8.15851497650146
"122",3.79002,40.022518,8.11400127410889,8.04636287689209,8.15851497650146
"123",3.830327,39.918649,8.10831356048584,8.03780746459961,8.15742492675781
"124",3.830632,39.918309,8.10831356048584,8.03780746459961,8.15742492675781
"125",4.070965,40.086845,8.11400127410889,8.04636287689209,8.15851497650146
"126",4.070868,40.088462,8.11400127410889,8.04636287689209,8.15851497650146
"127",4.096724,40.07145,8.11400127410889,8.04636287689209,8.15851497650146
"128",4.096939,40.071488,8.11400127410889,8.04636287689209,8.15851497650146
"129",4.285683,39.957735,8.10831356048584,8.03780746459961,8.15742492675781
"130",4.285778,39.957858,8.10831356048584,8.03780746459961,8.15742492675781
"131",4.303324,39.829577,8.10831356048584,8.03780746459961,8.15742492675781
"132",4.160777,39.848846,8.10831356048584,8.03780746459961,8.15742492675781
"133",3.405029,39.771142,8.10765647888184,8.03665828704834,8.15681934356689
"134",3.323661,39.786777,8.10765647888184,8.03665828704834,8.15681934356689
"135",3.468065,39.746475,8.10765647888184,8.03665828704834,8.15681934356689
"136",3.474012,39.689585,8.10765647888184,8.03665828704834,8.15681934356689
"137",3.471091,39.688479,8.10765647888184,8.03665828704834,8.15681934356689
"138",3.203946,42.349021,8.11983346939087,8.06622290611267,8.15323090553284
"139",3.171352,42.401302,8.11983346939087,8.06622290611267,8.15323090553284
"140",3.167352,42.460386,8.11983346939087,8.06622290611267,8.15323090553284
"141",3.13962,42.517347,8.12223243713379,8.07421016693115,8.15128993988037
"142",3.0496,42.570987,8.12223243713379,8.07421016693115,8.15128993988037
"143",8.725903,42.58508,8.11794424057007,8.05901074409485,8.15142154693604
"144",8.709377,42.577371,8.11794424057007,8.05901074409485,8.15142154693604
"145",8.80077,42.584973,8.11794424057007,8.05901074409485,8.15142154693604
"146",8.810375,42.592608,8.11794424057007,8.05901074409485,8.15142154693604
"147",8.840922,42.607429,8.11794424057007,8.05901074409485,8.15142154693604
"148",8.860081,42.609901,8.11794424057007,8.05901074409485,8.15142154693604
"149",8.879176,42.629439,8.11794424057007,8.05901074409485,8.15142154693604
"150",8.898822,42.628935,8.11794424057007,8.05901074409485,8.15142154693604
"151",5.169124,43.328101,8.12219929695129,8.07568693161011,8.14978957176208
"152",5.162342,43.326564,8.12219929695129,8.07568693161011,8.14978957176208
"153",5.243485,43.331557,8.121728515625,8.07362899780273,8.14980201721191
"154",5.228154,43.328215,8.121728515625,8.07362899780273,8.14980201721191
"155",5.27374,43.346751,8.12121756871541,8.07222541173299,8.14988406499227
"156",5.28961,43.357043,8.121728515625,8.07362899780273,8.14980201721191
"157",6.247296,42.996874,8.12187957763672,8.07500743865967,8.14810848236084
"158",6.231181,42.993934,8.12187957763672,8.07500743865967,8.14810848236084
"159",6.19165,42.989867,8.12187957763672,8.07500743865967,8.14810848236084
"160",6.178013,42.994923,8.12187957763672,8.07500743865967,8.14810848236084
"161",6.184702,43.009209,8.11965315682547,8.06727504730225,8.14989825657436
"162",6.172318,43.009663,8.11965315682547,8.06727504730225,8.14989825657436
"163",6.922852,43.453856,8.11896443367004,8.06445121765137,8.14971613883972
"164",6.923639,43.460438,8.11896443367004,8.06445121765137,8.14971613883972
"165",6.88989,43.427908,8.11896443367004,8.06445121765137,8.14971613883972
"166",6.88044,43.427372,8.11896443367004,8.06445121765137,8.14971613883972
"167",6.829228,43.417858,8.11896443367004,8.06445121765137,8.14971613883972
"168",6.8148,43.414792,8.11896443367004,8.06445121765137,8.14971613883972
"169",3.161565,42.461737,8.11983346939087,8.06622290611267,8.15323090553284
"170",3.159013,42.468838,8.11983346939087,8.06622290611267,8.15323090553284
"171",3.159341,42.468482,8.11983346939087,8.06622290611267,8.15323090553284
"172",3.169849,42.423661,8.11983346939087,8.06622290611267,8.15323090553284
"173",3.163444,42.409949,8.11983346939087,8.06622290611267,8.15323090553284
"174",3.166933,42.359825,8.11983346939087,8.06622290611267,8.15323090553284
"175",3.187986,42.351981,8.11983346939087,8.06622290611267,8.15323090553284
"176",7.309035,43.689708,8.12022185325623,8.06452965736389,8.15144491195679
"177",6.673749,43.056244,8.11961539586385,8.06735897064209,8.14949830373128
"178",5.40324,43.17588,8.12121756871541,8.07222541173299,8.14988406499227
"179",5.5495,43.16821,8.12121756871541,8.07222541173299,8.14988406499227
"180",5.54909,43.169,8.12121756871541,8.07222541173299,8.14988406499227
"181",5.54848,43.16862,8.12121756871541,8.07222541173299,8.14988406499227
"182",5.54591,43.1679,8.12121756871541,8.07222541173299,8.14988406499227
"183",5.54567,43.16812,8.12121756871541,8.07222541173299,8.14988406499227
"184",5.545709,43.16803,8.12121756871541,8.07222541173299,8.14988406499227
"185",7.308539,43.687017,8.12022185325623,8.06452965736389,8.15144491195679
"186",7.30875,43.686972,8.12022185325623,8.06452965736389,8.15144491195679
"187",7.29903,43.68388,8.12022185325623,8.06452965736389,8.15144491195679
"188",7.252058,43.666033,8.12022185325623,8.06452965736389,8.15144491195679
"189",7.299033,43.68275,8.12022185325623,8.06452965736389,8.15144491195679
"190",7.299424,43.684542,8.12022185325623,8.06452965736389,8.15144491195679
"191",6.62046,43.15886,8.11961539586385,8.06735897064209,8.14949830373128
"192",6.6205,43.15891,8.11961539586385,8.06735897064209,8.14949830373128
"193",6.61624,43.1528,8.11961539586385,8.06735897064209,8.14949830373128
"194",6.61693,43.15268,8.11961539586385,8.06735897064209,8.14949830373128
"195",6.6168,43.15025,8.11961539586385,8.06735897064209,8.14949830373128
"196",6.61595,43.14991,8.11961539586385,8.06735897064209,8.14949830373128
"197",6.62024,43.14817,8.11961539586385,8.06735897064209,8.14949830373128
"198",6.617996,43.150888,8.11961539586385,8.06735897064209,8.14949830373128
"199",6.43833,43.14227,8.11961539586385,8.06735897064209,8.14949830373128
"200",6.428435,43.134424,8.11961539586385,8.06735897064209,8.14949830373128
"201",5.35105,43.23291,8.12121756871541,8.07222541173299,8.14988406499227
"202",5.34561,43.2175,8.12121756871541,8.07222541173299,8.14988406499227
"203",5.349935,43.2323,8.12121756871541,8.07222541173299,8.14988406499227
"204",5.34549,43.21732,8.12121756871541,8.07222541173299,8.14988406499227
"205",5.40356,43.17606,8.12121756871541,8.07222541173299,8.14988406499227
"206",5.39804,43.17492,8.12121756871541,8.07222541173299,8.14988406499227
"207",5.37254,43.18036,8.12121756871541,8.07222541173299,8.14988406499227
"208",5.36633,43.269,8.12121756871541,8.07222541173299,8.14988406499227
"209",5.34636,43.28088,8.12121756871541,8.07222541173299,8.14988406499227
"210",5.3672,43.269,8.12121756871541,8.07222541173299,8.14988406499227
"211",5.34951,43.27953,8.12121756871541,8.07222541173299,8.14988406499227
"212",7.302233,43.681816,8.12022185325623,8.06452965736389,8.15144491195679
"213",132.97463,-4.11588,8.0633659362793,8.04835987091064,8.08078479766846
"214",133.01915,-4.11785,8.0633659362793,8.04835987091064,8.08078479766846
"215",133.02032,-4.11746,8.0633659362793,8.04835987091064,8.08078479766846
"216",133.05912,-4.06037,8.0633659362793,8.04835987091064,8.08078479766846
"217",132.97571,-4.12453,8.0633659362793,8.04835987091064,8.08078479766846
"218",132.97514,-4.13307,8.0633659362793,8.04835987091064,8.08078479766846
"219",132.97421,-4.13565,8.0633659362793,8.04835987091064,8.08078479766846
"220",132.9769,-4.12602,8.0633659362793,8.04835987091064,8.08078479766846
"221",132.91273,-4.08471,8.0633659362793,8.04835987091064,8.08078479766846
"222",133.50134,-4.32327,8.0691442489624,8.05161762237549,8.086745262146
"223",133.49826,-4.32135,8.0633659362793,8.04835987091064,8.08078479766846
"224",133.49443,-4.32225,8.0633659362793,8.04835987091064,8.08078479766846
"225",133.50023,-4.33406,8.0691442489624,8.05161762237549,8.086745262146
"226",133.4866,-4.33682,8.0633659362793,8.04835987091064,8.08078479766846
"227",134.03523,-3.90609,8.07530422210693,8.05949230194092,8.09256229400635
"228",134.03543,-3.90622,8.07530422210693,8.05949230194092,8.09256229400635
"229",134.0777,-3.90981,8.07530422210693,8.05949230194092,8.09256229400635
"230",134.07967,-3.90956,8.07530422210693,8.05949230194092,8.09256229400635
"231",134.09822,-3.72099,8.0714594523112,8.05513191223145,8.08918857574463
"232",134.10167,-3.72398,8.0714594523112,8.05513191223145,8.08918857574463
"233",134.12033,-3.79458,8.07592415809631,8.05964970588684,8.09299683570862
"234",134.1613,-3.77847,8.07592415809631,8.05964970588684,8.09299683570862
"235",134.16254,-3.77903,8.07592415809631,8.05964970588684,8.09299683570862
"236",134.09264,-3.8319,8.07592415809631,8.05964970588684,8.09299683570862
"237",134.20171,-4.01173,8.0691442489624,8.05161762237549,8.086745262146
"238",134.48901,-4.03573,8.0691442489624,8.05161762237549,8.086745262146
"239",134.74069,-3.93996,8.07592415809631,8.05964970588684,8.09299683570862
"240",134.74156,-3.94102,8.07592415809631,8.05964970588684,8.09299683570862
"241",134.28719,-4.03521,8.0691442489624,8.05161762237549,8.086745262146
"242",134.20151,-3.77537,8.07592415809631,8.05964970588684,8.09299683570862
"243",133.03728,-4.06772,8.0633659362793,8.04835987091064,8.08078479766846
"244",133.03258,-4.06683,8.0633659362793,8.04835987091064,8.08078479766846
"245",133.03748,-4.06837,8.0633659362793,8.04835987091064,8.08078479766846
"246",132.80188,-3.93609,8.06589531898499,8.05187523365021,8.08183264732361
"247",132.78685,-3.93424,8.06589531898499,8.05187523365021,8.08183264732361
"248",132.76505,-3.93543,8.063613482884,8.04994051797049,8.07923221588135
"249",132.82257,-3.92841,8.06589531898499,8.05187523365021,8.08183264732361
"250",133.67038,-3.22096,8.06321652730306,8.04876295725504,8.07873090108236
"251",133.66507,-3.30699,8.06321652730306,8.04876295725504,8.07873090108236
"252",131.93184,-2.99063,8.05860958099365,8.04597682952881,8.07205104827881
"253",131.93817,-3.00112,8.05713939666748,8.046311378479,8.06866264343262
"254",131.60634,-2.65144,8.05554374059041,8.04397058486938,8.06713438034058
"255",131.59814,-2.67144,8.05554374059041,8.04397058486938,8.06713438034058
"256",130.60258,-0.95288,8.04930973052979,8.04170894622803,8.05646896362305
"257",166.368821,-22.22650001,8.09795379638672,8.06816850389753,8.12446335383824
"258",166.369674,-22.21940196,8.09795379638672,8.06816850389753,8.12446335383824
"259",166.379831,-22.22150599,8.09795379638672,8.06816850389753,8.12446335383824
"260",166.366385,-22.29461798,8.09795379638672,8.06816850389753,8.12446335383824
"261",166.36528,-22.29926499,8.09795379638672,8.06816850389753,8.12446335383824
"262",166.356277,-22.28809602,8.09795379638672,8.06816850389753,8.12446335383824
"263",166.221832,-22.28450504,8.09795379638672,8.06816850389753,8.12446335383824
"264",166.21072,-22.28308397,8.09795379638672,8.06816850389753,8.12446335383824
"265",166.201926,-22.27208901,8.09795379638672,8.06816850389753,8.12446335383824
"266",166.233112,-22.35017097,8.09892114003499,8.06882492701213,8.12552944819132
"267",166.229977,-22.34168102,8.09892114003499,8.06882492701213,8.12552944819132
"268",166.217878,-22.32065602,8.09892114003499,8.06882492701213,8.12552944819132
"269",166.04873,-21.98009997,8.09821014404297,8.06834754943848,8.12448654174805
"270",166.033312,-21.97654202,8.09821014404297,8.06834754943848,8.12448654174805
"271",166.037934,-21.97167397,8.09821014404297,8.06834754943848,8.12448654174805
"272",165.984781,-22.022961,8.09821014404297,8.06834754943848,8.12448654174805
"273",165.994456,-22.020646,8.09821014404297,8.06834754943848,8.12448654174805
"274",166.000649,-22.01984603,8.09821014404297,8.06834754943848,8.12448654174805
"275",165.96515,-22.03110502,8.09821014404297,8.06834754943848,8.12448654174805
"276",165.96985,-22.03445401,8.09821014404297,8.06834754943848,8.12448654174805
"277",165.980551,-22.05089402,8.09821014404297,8.06834754943848,8.12448654174805
"278",165.978274,-22.07648397,8.09821014404297,8.06834754943848,8.12448654174805
"279",165.973843,-22.06782396,8.09821014404297,8.06834754943848,8.12448654174805
"280",165.961204,-22.05091104,8.09821014404297,8.06834754943848,8.12448654174805
"281",165.450172,-21.62330196,8.09706624348958,8.06713453928629,8.12358442942301
"282",165.44939,-21.62211701,8.09706624348958,8.06713453928629,8.12358442942301
"283",165.467292,-21.64239502,8.09706624348958,8.06713453928629,8.12358442942301
"284",165.561206,-21.74434997,8.09706624348958,8.06713453928629,8.12358442942301
"285",165.554044,-21.74347197,8.09706624348958,8.06713453928629,8.12358442942301
"286",165.545243,-21.73816597,8.09706624348958,8.06713453928629,8.12358442942301
"287",165.488727,-21.70477096,8.09706624348958,8.06713453928629,8.12358442942301
"288",165.481624,-21.696566,8.09706624348958,8.06713453928629,8.12358442942301
"289",165.474884,-21.68916897,8.09706624348958,8.06713453928629,8.12358442942301
"290",165.461305,-21.68929503,8.09706624348958,8.06713453928629,8.12358442942301
"291",165.455735,-21.67557604,8.09706624348958,8.06713453928629,8.12358442942301
"292",165.446166,-21.662742,8.09706624348958,8.06713453928629,8.12358442942301
"293",164.979331,-21.35807399,8.09453749656677,8.06543135643005,8.12077498435974
"294",164.977454,-21.35108398,8.09453749656677,8.06543135643005,8.12077498435974
"295",164.981901,-21.35615897,8.09453749656677,8.06543135643005,8.12077498435974
"296",164.975569,-21.39155801,8.09452629089355,8.06525688171387,8.12097625732422
"297",164.982904,-21.386507,8.09453749656677,8.06543135643005,8.12077498435974
"298",164.98312,-21.37910502,8.09453749656677,8.06543135643005,8.12077498435974
"299",164.951005,-21.39020098,8.09452629089355,8.06525688171387,8.12097625732422
"300",164.945605,-21.38586997,8.09452629089355,8.06525688171387,8.12097625732422
"301",164.937613,-21.38726497,8.09452629089355,8.06525688171387,8.12097625732422
"302",164.918786,-21.39848499,8.09452629089355,8.06525688171387,8.12097625732422
"303",164.897325,-21.38815798,8.09452629089355,8.06525688171387,8.12097625732422
"304",164.895984,-21.38651504,8.09452629089355,8.06525688171387,8.12097625732422
"305",164.613488,-20.95572998,8.09326090131487,8.0645558493478,8.11960738045829
"306",164.620238,-20.95155001,8.09326090131487,8.0645558493478,8.11960738045829
"307",164.63046,-20.96201196,8.09326090131487,8.0645558493478,8.11960738045829
"308",164.608105,-20.96982297,8.09326090131487,8.0645558493478,8.11960738045829
"309",164.605733,-20.96426703,8.09326090131487,8.0645558493478,8.11960738045829
"310",164.601102,-20.959544,8.09326090131487,8.0645558493478,8.11960738045829
"311",164.606232,-20.97107003,8.09326090131487,8.0645558493478,8.11960738045829
"312",164.595707,-20.95967903,8.09326090131487,8.0645558493478,8.11960738045829
"313",164.586165,-20.95097702,8.09326090131487,8.0645558493478,8.11960738045829
"314",164.590195,-21.00414301,8.09326090131487,8.0645558493478,8.11960738045829
"315",164.581627,-21.00147497,8.09326090131487,8.0645558493478,8.11960738045829
"316",164.575358,-20.99376303,8.09326090131487,8.0645558493478,8.11960738045829
"317",164.12554,-20.33672299,8.09016391209194,8.06283446720668,8.11582919529506
"318",164.128379,-20.34456401,8.09016391209194,8.06283446720668,8.11582919529506
"319",164.1217,-20.34452403,8.09016391209194,8.06283446720668,8.11582919529506
"320",164.02002,-20.39139303,8.09016391209194,8.06283446720668,8.11582919529506
"321",164.029432,-20.38958204,8.09016391209194,8.06283446720668,8.11582919529506
"322",164.027466,-20.37757698,8.09016391209194,8.06283446720668,8.11582919529506
"323",163.940367,-20.37520699,8.09036493301392,8.062903881073,8.11616194248199
"324",163.935579,-20.36849703,8.09036493301392,8.062903881073,8.11616194248199
"325",163.932218,-20.36162001,8.09036493301392,8.062903881073,8.11616194248199
"326",163.934214,-20.38080602,8.09036493301392,8.062903881073,8.11616194248199
"327",163.929701,-20.37345199,8.09036493301392,8.062903881073,8.11616194248199
"328",163.924875,-20.364925,8.09036493301392,8.062903881073,8.11616194248199
"329",166.0911167,-22.1632167,8.09829632441203,8.06837876637777,8.12477191289266
"330",166.0713333,-22.1493167,8.09829632441203,8.06837876637777,8.12477191289266
"331",165.95378,-22.0399,8.09821014404297,8.06834754943848,8.12448654174805
"332",166.04781,-22.13581,8.09821014404297,8.06834754943848,8.12448654174805
"333",166.03284,-22.13098,8.09821014404297,8.06834754943848,8.12448654174805
"334",166.0147,-22.12209,8.09821014404297,8.06834754943848,8.12448654174805
"335",165.98333,-22.1,8.09821014404297,8.06834754943848,8.12448654174805
"336",165.976,-22.08215,8.09821014404297,8.06834754943848,8.12448654174805
"337",165.97032,-22.0685,8.09821014404297,8.06834754943848,8.12448654174805
"338",165.95,-22.03333,8.09821014404297,8.06834754943848,8.12448654174805
"339",165.03333,-21.46667,8.09453749656677,8.06543135643005,8.12077498435974
"340",165.04361,-21.45483,8.09453749656677,8.06543135643005,8.12077498435974
"341",165.03484,-21.44233,8.09453749656677,8.06543135643005,8.12077498435974
"342",165.02058,-21.4381,8.09453749656677,8.06543135643005,8.12077498435974
"343",165.00621,-21.44214,8.09453749656677,8.06543135643005,8.12077498435974
"344",165.0345,-21.4406667,8.09453749656677,8.06543135643005,8.12077498435974
"345",164.92316,-21.40673,8.09452629089355,8.06525688171387,8.12097625732422
"346",164.90327,-21.39759,8.09452629089355,8.06525688171387,8.12097625732422
"347",164.88029,-21.38347,8.09452629089355,8.06525688171387,8.12097625732422
"348",164.87529,-21.37535,8.09452629089355,8.06525688171387,8.12097625732422
"349",168.065,-23.3911667,8.10041904449463,8.06997299194336,8.12755393981934
"350",168.0506667,-23.4006667,8.10041904449463,8.06997299194336,8.12755393981934
"351",168.0671667,-23.4105,8.10041904449463,8.06997299194336,8.12755393981934
"352",168.0816667,-23.42,8.10041904449463,8.06997299194336,8.12755393981934
"353",168.0825,-23.4048333,8.10041904449463,8.06997299194336,8.12755393981934
"354",168.082233333333,-23.4368166666667,8.10041904449463,8.06997299194336,8.12755393981934
"355",168.069933333333,-23.4514666666667,8.10041904449463,8.06997299194336,8.12755393981934
"356",168.07849,-23.4669,8.10041904449463,8.06997299194336,8.12755393981934
"357",168.098366666667,-23.470375,8.10041904449463,8.06997299194336,8.12755393981934
"358",168.092383333333,-23.4501333333333,8.10041904449463,8.06997299194336,8.12755393981934
"359",167.40445,-22.3744,8.09726991653442,8.06774425506592,8.12398881912231
"360",167.3998,-22.3808666666667,8.09726991653442,8.06774425506592,8.12398881912231
"361",167.394966666667,-22.3847833333333,8.09726991653442,8.06774425506592,8.12398881912231
"362",167.395166666667,-22.3901166666667,8.09726991653442,8.06774425506592,8.12398881912231
"363",167.40425,-22.39565,8.09726991653442,8.06774425506592,8.12398881912231
"364",167.411583333333,-22.3912,8.09726991653442,8.06774425506592,8.12398881912231
"365",167.414816666667,-22.3854666666667,8.09726991653442,8.06774425506592,8.12398881912231
"366",167.410866666667,-22.37795,8.09726991653442,8.06774425506592,8.12398881912231
"367",167.401833333333,-22.386925,8.09726991653442,8.06774425506592,8.12398881912231
"368",167.4081667,-22.38155,8.09726991653442,8.06774425506592,8.12398881912231
"369",168.000383333333,-23.6618,8.10041904449463,8.06997299194336,8.12755393981934
"370",168.000916666667,-23.6706666666667,8.10041904449463,8.06997299194336,8.12755393981934
"371",168.003366666667,-23.6789666666667,8.10041904449463,8.06997299194336,8.12755393981934
"372",168.014166666667,-23.661,8.10041904449463,8.06997299194336,8.12755393981934
"373",168.013533333333,-23.6694833333333,8.10041904449463,8.06997299194336,8.12755393981934
"374",168.0125,-23.6787333333333,8.10041904449463,8.06997299194336,8.12755393981934
"375",168.01192,-23.69304,8.10041904449463,8.06997299194336,8.12755393981934
"376",168.012383333333,-23.6962,8.10041904449463,8.06997299194336,8.12755393981934
"377",168.002733333333,-23.6882833333333,8.10041904449463,8.06997299194336,8.12755393981934
"378",168.01141,-23.70904,8.10041904449463,8.06997299194336,8.12755393981934
"379",167.75485,-23.6952166666667,8.10041904449463,8.06997299194336,8.12755393981934
"380",167.684766666667,-23.6405833333333,8.10041904449463,8.06997299194336,8.12755393981934
"381",167.7141667,-23.6223333,8.10041904449463,8.06997299194336,8.12755393981934
"382",167.6903333,-23.5963333,8.10041904449463,8.06997299194336,8.12755393981934
"383",167.6881667,-23.6161667,8.10041904449463,8.06997299194336,8.12755393981934
"384",167.699833333333,-23.6618333333333,8.10041904449463,8.06997299194336,8.12755393981934
"385",167.721016666667,-23.6864166666667,8.10041904449463,8.06997299194336,8.12755393981934
"386",167.742033333333,-23.67705,8.10041904449463,8.06997299194336,8.12755393981934
"387",167.725216666667,-23.6438666666667,8.10041904449463,8.06997299194336,8.12755393981934
"388",167.720216666667,-23.6641666666667,8.10041904449463,8.06997299194336,8.12755393981934
"389",168.139883333333,-24.7063,8.1021728515625,8.0711841583252,8.12926578521729
"390",168.116566666667,-24.7215666666667,8.1021728515625,8.0711841583252,8.12926578521729
"391",168.148083333333,-24.7288833333333,8.1021728515625,8.0711841583252,8.12926578521729
"392",168.160616666667,-24.7195333333333,8.1021728515625,8.0711841583252,8.12926578521729
"393",168.13055,-24.7433833333333,8.1021728515625,8.0711841583252,8.12926578521729
"394",168.148133333333,-24.7583333333333,8.1021728515625,8.0711841583252,8.12926578521729
"395",168.136366666667,-24.7716333333333,8.1021728515625,8.0711841583252,8.12926578521729
"396",168.14795,-24.8028166666667,8.1021728515625,8.0711841583252,8.12926578521729
"397",168.1586,-24.7782333333333,8.1021728515625,8.0711841583252,8.12926578521729
"398",168.159233333333,-24.7416,8.1021728515625,8.0711841583252,8.12926578521729
"399",165.92043,-22.20294,8.09927654266357,8.06887855529785,8.12576942443848
"400",165.93445,-22.22655,8.09927654266357,8.06887855529785,8.12576942443848
"401",165.94017,-22.1927,8.09927654266357,8.06887855529785,8.12576942443848
"402",165.93863,-22.19775,8.09927654266357,8.06887855529785,8.12576942443848
"403",164.9077,-21.45376,8.09452629089355,8.06525688171387,8.12097625732422
"404",164.90916,-21.45303,8.09452629089355,8.06525688171387,8.12097625732422
"405",164.88559,-21.48473,8.09606122970581,8.06602215766907,8.12289023399353
"406",164.88333,-21.48333,8.09606122970581,8.06602215766907,8.12289023399353
"407",167.447433333333,-22.35645,8.09726991653442,8.06774425506592,8.12398881912231
"408",167.448216666667,-22.3566833333333,8.09726991653442,8.06774425506592,8.12398881912231
"409",167.448216666667,-22.3125166666667,8.09726991653442,8.06774425506592,8.12398881912231
"410",167.443816666667,-22.3132666666667,8.09726991653442,8.06774425506592,8.12398881912231
"411",168.17055,-23.4340333333333,8.10041904449463,8.06997299194336,8.12755393981934
"412",168.17175,-23.4340166666667,8.10041904449463,8.06997299194336,8.12755393981934
"413",168.07045,-23.5328,8.10041904449463,8.06997299194336,8.12755393981934
"414",168.070466666667,-23.5324,8.10041904449463,8.06997299194336,8.12755393981934
"415",168.051233333333,-23.6354166666667,8.10041904449463,8.06997299194336,8.12755393981934
"416",168.034566666667,-23.6359833333333,8.10041904449463,8.06997299194336,8.12755393981934
"417",168.0552,-23.6363166666667,8.10041904449463,8.06997299194336,8.12755393981934
"418",168.05225,-23.63465,8.10041904449463,8.06997299194336,8.12755393981934
"419",168.0522,-23.6349666666667,8.10041904449463,8.06997299194336,8.12755393981934
"420",168.052133333333,-23.6352333333333,8.10041904449463,8.06997299194336,8.12755393981934
"421",167.974283333333,-23.73075,8.10041904449463,8.06997299194336,8.12755393981934
"422",167.974,-23.73135,8.10041904449463,8.06997299194336,8.12755393981934
"423",167.974166666667,-23.732,8.10041904449463,8.06997299194336,8.12755393981934
"424",167.97385,-23.7305666666667,8.10041904449463,8.06997299194336,8.12755393981934
"425",167.973783333333,-23.73065,8.10041904449463,8.06997299194336,8.12755393981934
"426",167.973783333333,-23.7307666666667,8.10041904449463,8.06997299194336,8.12755393981934
"427",167.778783333333,-23.6199,8.10041904449463,8.06997299194336,8.12755393981934
"428",167.779533333333,-23.6204166666667,8.10041904449463,8.06997299194336,8.12755393981934
"429",167.779966666667,-23.6207833333333,8.10041904449463,8.06997299194336,8.12755393981934
"430",167.778983333333,-23.6205,8.10041904449463,8.06997299194336,8.12755393981934
"431",167.779216666667,-23.6205,8.10041904449463,8.06997299194336,8.12755393981934
"432",167.779283333333,-23.6209666666667,8.10041904449463,8.06997299194336,8.12755393981934
"433",167.799266666667,-23.7069,8.10041904449463,8.06997299194336,8.12755393981934
"434",167.799466666667,-23.7067666666667,8.10041904449463,8.06997299194336,8.12755393981934
"435",167.7998,-23.7064833333333,8.10041904449463,8.06997299194336,8.12755393981934
"436",167.79905,-23.7064666666667,8.10041904449463,8.06997299194336,8.12755393981934
"437",168.125116666667,-24.6531333333333,8.1021728515625,8.0711841583252,8.12926578521729
"438",168.12495,-24.6522833333333,8.1021728515625,8.0711841583252,8.12926578521729
"439",168.202666666667,-24.7395333333333,8.1021728515625,8.0711841583252,8.12926578521729
"440",168.202733333333,-24.73945,8.1021728515625,8.0711841583252,8.12926578521729
"441",168.202616666667,-24.73955,8.1021728515625,8.0711841583252,8.12926578521729
"442",168.202133333333,-24.7401333333333,8.1021728515625,8.0711841583252,8.12926578521729
"443",168.202116666667,-24.7402166666667,8.1021728515625,8.0711841583252,8.12926578521729
"444",168.201983333333,-24.74025,8.1021728515625,8.0711841583252,8.12926578521729
"445",-69.0013,12.14939,8.06856632232666,8.0598611831665,8.07863140106201
"446",-69.0163,12.17507,8.06856632232666,8.0598611831665,8.07863140106201
"447",-69.08604,12.20335,8.06856632232666,8.0598611831665,8.07863140106201
"448",-68.95914,12.11126,8.06856632232666,8.0598611831665,8.07863140106201
"449",-69.08678,12.20477,8.06856632232666,8.0598611831665,8.07863140106201
"450",-69.09351,12.22201,8.06856632232666,8.0598611831665,8.07863140106201
"451",-69.10592,12.23906,8.06856632232666,8.0598611831665,8.07863140106201
"452",-69.12778,12.26498,8.06856632232666,8.0598611831665,8.07863140106201
"453",-69.13586,12.26733,8.06856632232666,8.0598611831665,8.07863140106201
"454",-68.93806,12.1033,8.06856632232666,8.0598611831665,8.07863140106201
"455",-55.16303,-61.24531,8.07949256896973,8.068603515625,8.09398555755615
"456",-54.7994,-61.16097,8.07949256896973,8.068603515625,8.09398555755615
"457",-55.13649,-61.20813,8.07949256896973,8.068603515625,8.09398555755615
"458",-55.01594,-61.19221,8.07949256896973,8.068603515625,8.09398555755615
"459",-55.276,-61.27967,8.07949256896973,8.068603515625,8.09398555755615
"460",-55.43116,-61.16595,8.07949256896973,8.068603515625,8.09398555755615
"461",-54.99826,-61.19441,8.07949256896973,8.068603515625,8.09398555755615
"462",-59.86738,-62.58764,8.07775497436523,8.0682315826416,8.09106731414795
"463",-59.90655,-62.58047,8.07775497436523,8.0682315826416,8.09106731414795
"464",-59.90805,-62.57982,8.07775497436523,8.0682315826416,8.09106731414795
"465",-60.00811,-62.5456,8.07775497436523,8.0682315826416,8.09106731414795
"466",-59.8205,-62.60636,8.07775497436523,8.0682315826416,8.09106731414795
"467",-59.70919,-62.5571,8.07775497436523,8.0682315826416,8.09106731414795
"468",-59.90555,-62.59101,8.07775497436523,8.0682315826416,8.09106731414795
"469",-62.98918,-64.85005,8.08143329620361,8.07077153523763,8.09974988301595
"470",-63.08923,-64.81933,8.08213686943054,8.07135558128357,8.10161089897156
"471",-62.99162,-64.8225,8.08143329620361,8.07077153523763,8.09974988301595
"472",-62.8614833,-64.8894333,8.08143329620361,8.07077153523763,8.09974988301595
"473",-63.12462,-64.87142,8.08213686943054,8.07135558128357,8.10161089897156
"474",-62.99796,-64.90026,8.08143329620361,8.07077153523763,8.09974988301595
"475",-62.86611,-64.889,8.08143329620361,8.07077153523763,8.09974988301595
"476",-62.14582,-63.23631,8.0826940536499,8.07222175598145,8.10263919830322
"477",-60.6325167,-62.6454333,8.07701969146729,8.06712245941162,8.09188842773438
"478",-59.67725,-62.39617,8.07775497436523,8.0682315826416,8.09106731414795
"479",-59.7233333,-62.6452778,8.07775497436523,8.0682315826416,8.09106731414795
"480",-59.68826,-62.395066,8.07775497436523,8.0682315826416,8.09106731414795
"481",-59.8269444,-62.5033333,8.07775497436523,8.0682315826416,8.09106731414795
"482",-59.73703,-62.49397,8.07775497436523,8.0682315826416,8.09106731414795
"483",-59.73343,-62.47186,8.07775497436523,8.0682315826416,8.09106731414795
"484",-59.72348,-62.44286,8.07775497436523,8.0682315826416,8.09106731414795
"485",-59.72541,-62.48272,8.07775497436523,8.0682315826416,8.09106731414795
"486",-59.71356,-62.47441,8.07775497436523,8.0682315826416,8.09106731414795
"487",-62.12021,-64.3271,8.08106660842896,8.07056283950806,8.0991997718811
"488",-62.16946,-64.36678,8.08106660842896,8.07056283950806,8.0991997718811
"489",-62.2198833,-64.3981833,8.08106660842896,8.07056283950806,8.0991997718811
"490",-61.6481,-64.18076,8.08099253972371,8.07054948806763,8.09868542353312
"491",-61.7181,-64.17485,8.08099253972371,8.07054948806763,8.09868542353312
"492",-61.65885,-64.1926,8.08099253972371,8.07054948806763,8.09868542353312
"493",-61.71242,-64.08795,8.08099253972371,8.07054948806763,8.09868542353312
"494",-61.79775,-64.15321,8.08099253972371,8.07054948806763,8.09868542353312
"495",-61.782,-64.1237833,8.08099253972371,8.07054948806763,8.09868542353312
"496",-61.78169,-64.12363,8.08099253972371,8.07054948806763,8.09868542353312
"497",-55.75053,-63.51437,8.0949479511806,8.08183833530971,8.11099093300956
"498",-56.16251,-63.53182,8.09632628304618,8.08265372685024,8.11293588365827
"499",-55.82481,-63.55992,8.09681761264801,8.08315908908844,8.11345887184143
"500",-56.03083,-63.58511,8.09632628304618,8.08265372685024,8.11293588365827
"501",-55.79179,-63.57337,8.09681761264801,8.08315908908844,8.11345887184143
"502",-55.8066667,-63.555,8.09681761264801,8.08315908908844,8.11345887184143
"503",-56.2511833,-63.4546167,8.09163011823382,8.07900932856968,8.10728972298758
"504",-56.2577833,-63.4515667,8.09163011823382,8.07900932856968,8.10728972298758
"505",-56.88785,-63.3780833,8.08766094843546,8.07609955469767,8.10261329015096
"506",-57.2933333,-61.8533333,8.0757942199707,8.06611251831055,8.09003734588623
"507",-57.6738333,-61.5805,8.07481002807617,8.06529998779297,8.08878231048584
"508",-58.054,-61.3231667,8.07481002807617,8.06529998779297,8.08878231048584
"509",-58.4073333,-61.0923333,8.07481002807617,8.06529998779297,8.08878231048584
"510",-58.8038333,-60.8088333,8.07215118408203,8.06291675567627,8.08535766601562
"511",-59.4675,-60.3453333,8.07215118408203,8.06291675567627,8.08535766601562
"512",-60.0761667,-59.935,8.07111263275146,8.0611515045166,8.08544158935547
"513",-60.7065,-59.4793333,8.07102012634277,8.06039142608643,8.08659172058105
"514",-61.2583333,-59.088,8.07102012634277,8.06039142608643,8.08659172058105
"515",-61.7336667,-58.7418333,8.0721549987793,8.06260776519775,8.08967399597168
"516",-62.2928333,-58.3241667,8.0721549987793,8.06260776519775,8.08967399597168
"517",19.2811111,74.4138888,8.14484310150146,8.12798118591309,8.17608165740967
"518",15.0911111,77.0002777,8.14481945037842,8.12864780426025,8.18213214874268
"519",14.0313888,77.5622222,8.14859422047933,8.12970542907715,8.19252300262451
"520",14.5688888,77.4947222,8.14859422047933,8.12970542907715,8.19252300262451
"521",15.3813888,78.2616666,8.15228939056396,8.13130664825439,8.20053672790527
"522",13.8141666,78.2358333,8.14764436086019,8.13065656026204,8.19050407409668
"523",12.0133333,78.4194444,8.14804625511169,8.13320136070251,8.18947172164917
"524",11.5674999,78.8702777,8.15845600763957,8.14357566833496,8.20004574457804
"525",12.1313888,79.9191666,8.1681866645813,8.15317642688751,8.20475804805756
"526",14.1994444,79.7616666,8.17156140009562,8.15635458628337,8.20873785018921
"527",16.0416666,79.1308333,8.17244084676107,8.15652815500895,8.21303367614746
"528",14.7308333,80.005,8.17301464080811,8.15726757049561,8.21203804016113
"529",20.2816666,80.8727777,8.16682052612305,8.14983940124512,8.21306705474854
"530",22.6808333,80.3536111,8.15462382634481,8.13944721221924,8.20509084065755
"531",27.2097222,81.2616666,8.1577672958374,8.14316177368164,8.19888401031494
"532",30.9797222,80.0688888,8.15031719207764,8.13823318481445,8.19121265411377
"533",27.0711111,78.6911111,8.14621734619141,8.13180541992188,8.19910430908203
"534",25.3155555,76.5647222,8.15095520019531,8.12903213500977,8.19582271575928
"535",28.7633333,73.3763888,8.14146995544434,8.12927627563477,8.17106151580811
"536",30.8922222,69.9877777,8.13995342254639,8.12098751068115,8.16811561584473
"537",168.359084967524,-24.9126200191677,8.1021728515625,8.0711841583252,8.12926578521729
"538",168.354447009042,-24.9294969812036,8.1021728515625,8.0711841583252,8.12926578521729
"539",168.358698980883,-24.9393739644438,8.1021728515625,8.0711841583252,8.12926578521729
"540",168.368084030226,-24.9271320272237,8.1021728515625,8.0711841583252,8.12926578521729
"541",168.370695998892,-24.9119900353253,8.1021728515625,8.0711841583252,8.12926578521729
"542",168.371736025438,-24.9073499813676,8.1021728515625,8.0711841583252,8.12926578521729
"543",168.371278960258,-24.8930719960481,8.1021728515625,8.0711841583252,8.12926578521729
"544",168.3635260351,-24.8798949737102,8.1021728515625,8.0711841583252,8.12926578521729
"545",168.362221978605,-24.8901120107621,8.1021728515625,8.0711841583252,8.12926578521729
"546",168.361453022808,-24.9010410066694,8.1021728515625,8.0711841583252,8.12926578521729
"547",168.239662963896,-23.2910530082881,8.10041904449463,8.06997299194336,8.12755393981934
"548",168.238156987354,-23.2970169838518,8.10041904449463,8.06997299194336,8.12755393981934
"549",168.242996027693,-23.3029689732939,8.10041904449463,8.06997299194336,8.12755393981934
"550",168.249724013731,-23.3004430029541,8.10041904449463,8.06997299194336,8.12755393981934
"551",168.239633040503,-23.2910270243883,8.10041904449463,8.06997299194336,8.12755393981934
"552",168.247468024492,-23.3124710340053,8.10041904449463,8.06997299194336,8.12755393981934
"553",168.252402031794,-23.3201009966433,8.10041904449463,8.06997299194336,8.12755393981934
"554",168.25801698491,-23.3227749913931,8.10041904449463,8.06997299194336,8.12755393981934
"555",168.25817800127,-23.3142360113561,8.10041904449463,8.06997299194336,8.12755393981934
"556",168.255161019042,-23.3108850102872,8.10041904449463,8.06997299194336,8.12755393981934
"557",167.658801013604,-22.8852150030434,8.09872722625732,8.06853485107422,8.12619876861572
"558",167.672275006771,-22.8870339598507,8.09872722625732,8.06853485107422,8.12619876861572
"559",167.687032017857,-22.8855129797012,8.09872722625732,8.06853485107422,8.12619876861572
"560",167.697969982401,-22.875059992075,8.09872722625732,8.06853485107422,8.12619876861572
"561",167.695202026516,-22.8631970006973,8.09872722625732,8.06853485107422,8.12619876861572
"562",167.679696008563,-22.8549249842763,8.09872722625732,8.06853485107422,8.12619876861572
"563",167.657653028145,-22.8582940064371,8.09872722625732,8.06853485107422,8.12619876861572
"564",167.654189039022,-22.8706960380077,8.09872722625732,8.06853485107422,8.12619876861572
"565",167.670061010867,-22.8710029833019,8.09872722625732,8.06853485107422,8.12619876861572
"566",167.684509987012,-22.8707429766655,8.09872722625732,8.06853485107422,8.12619876861572
"567",163.771739015356,-20.127531979233,8.08970365524292,8.06262311935425,8.11519613265991
"568",163.774574026465,-20.134220989421,8.08970365524292,8.06262311935425,8.11519613265991
"569",163.776805959642,-20.1363830175251,8.08970365524292,8.06262311935425,8.11519613265991
"570",163.78124602139,-20.1410339679569,8.08970365524292,8.06262311935425,8.11519613265991
"571",163.783737039194,-20.1451980136335,8.08970365524292,8.06262311935425,8.11519613265991
"572",163.804240012541,-20.1721340138465,8.08970365524292,8.06262311935425,8.11519613265991
"573",163.79472495988,-20.1641449704766,8.08970365524292,8.06262311935425,8.11519613265991
"574",163.805780019611,-20.175105985254,8.08970365524292,8.06262311935425,8.11519613265991
"575",163.790550017729,-20.1598479878157,8.08970365524292,8.06262311935425,8.11519613265991
"576",163.787783989683,-20.1541880238801,8.08970365524292,8.06262311935425,8.11519613265991
"577",163.220570040867,-19.4622690416873,8.08896636962891,8.06252288818359,8.11418342590332
"578",163.226925032213,-19.4903250318021,8.08896636962891,8.06252288818359,8.11418342590332
"579",163.238371023908,-19.5216059591621,8.08896636962891,8.06252288818359,8.11418342590332
"580",163.229949977249,-19.5063369814306,8.08896636962891,8.06252288818359,8.11418342590332
"581",163.221144033596,-19.4766590092331,8.08896636962891,8.06252288818359,8.11418342590332
"582",163.226513983682,-19.4372039660811,8.08896636962891,8.06252288818359,8.11418342590332
"583",163.177804984152,-19.416755978018,8.08896636962891,8.06252288818359,8.11418342590332
"584",163.190634995699,-19.411301035434,8.08896636962891,8.06252288818359,8.11418342590332
"585",163.200526982546,-19.4160219747573,8.08896636962891,8.06252288818359,8.11418342590332
"586",163.216539015993,-19.4315839838237,8.08896636962891,8.06252288818359,8.11418342590332
"587",159.508982012048,-25.021012024954,8.10342884063721,8.07410335540771,8.12419509887695
"588",159.524808973074,-25.0194939784706,8.10342884063721,8.07410335540771,8.12419509887695
"589",159.496226012707,-25.0286160036922,8.10443687438965,8.07599067687988,8.12437438964844
"590",159.510215995833,-25.0287360325456,8.10342884063721,8.07410335540771,8.12419509887695
"591",159.523711027578,-25.0323550030589,8.10342884063721,8.07410335540771,8.12419509887695
"592",159.534098971635,-25.0401429645717,8.10342884063721,8.07410335540771,8.12419509887695
"593",159.503044020385,-25.040429038927,8.10342884063721,8.07410335540771,8.12419509887695
"594",159.506719987839,-25.0532769877464,8.10342884063721,8.07410335540771,8.12419509887695
"595",159.523901967332,-25.0553899817169,8.10342884063721,8.07410335540771,8.12419509887695
"596",159.520808039233,-25.0435350369662,8.10342884063721,8.07410335540771,8.12419509887695
"597",159.447111999616,-23.1207189895213,8.10094261169434,8.06967163085938,8.12774848937988
"598",159.460753966123,-23.1160810310394,8.10094261169434,8.06967163085938,8.12774848937988
"599",159.449034975842,-23.1101499963552,8.10094261169434,8.06967163085938,8.12774848937988
"600",159.464663034305,-23.1056390237063,8.10094261169434,8.06967163085938,8.12774848937988
"601",159.451139001176,-23.0993840284646,8.10094261169434,8.06967163085938,8.12774848937988
"602",159.470301037654,-23.0953909736127,8.10094261169434,8.06967163085938,8.12774848937988
"603",159.457579990849,-23.0901859793812,8.10094261169434,8.06967163085938,8.12774848937988
"604",159.476459976286,-23.0855770222843,8.10094261169434,8.06967163085938,8.12774848937988
"605",159.463602975011,-23.0817380268127,8.10094261169434,8.06967163085938,8.12774848937988
"606",159.479492967948,-23.0760690104216,8.10094261169434,8.06967163085938,8.12774848937988
"607",162.262251963839,-21.0537050385028,8.09478855133057,8.06448364257812,8.1223726272583
"608",162.281692028046,-21.0480250418186,8.09478855133057,8.06448364257812,8.1223726272583
"609",162.300022998825,-21.0524100344628,8.09478855133057,8.06448364257812,8.1223726272583
"610",162.288767024875,-21.0620270110667,8.09478855133057,8.06448364257812,8.1223726272583
"611",162.288779010996,-21.0620610415936,8.09478855133057,8.06448364257812,8.1223726272583
"612",162.241015993059,-21.0584610141814,8.09478855133057,8.06448364257812,8.1223726272583
"613",162.253708960488,-21.0408750269562,8.09478855133057,8.06448364257812,8.1223726272583
"614",162.227230025455,-21.0394060146064,8.09478855133057,8.06448364257812,8.1223726272583
"615",162.218983992934,-21.0497969761491,8.09478855133057,8.06448364257812,8.1223726272583
"616",162.209757026285,-21.0385069716722,8.09478855133057,8.06448364257812,8.1223726272583
"617",163.227148996666,-19.3972419854254,8.08896636962891,8.06252288818359,8.11418342590332
"618",163.22723600082,-19.3880020268261,8.08896636962891,8.06252288818359,8.11418342590332
"619",163.226146018133,-19.3790949974209,8.08896636962891,8.06252288818359,8.11418342590332
"620",163.2280480396,-19.4889089930803,8.08896636962891,8.06252288818359,8.11418342590332
"621",163.224175013602,-19.480171026662,8.08896636962891,8.06252288818359,8.11418342590332
"622",163.219957994297,-19.4743499625474,8.08896636962891,8.06252288818359,8.11418342590332
"623",-5.075,47.9302777777778,8.11956977844238,8.1061954498291,8.13392162322998
"624",-5.05972222222222,47.9177777777778,8.11956977844238,8.1061954498291,8.13392162322998
"625",-5.07916666666667,48.0577777777778,8.1180268200961,8.10069092837247,8.13536115126176
"626",-5.07,48.0461111111111,8.11826066970825,8.10026359558105,8.13611164093018
"627",-4.72666666666667,48.0094444444444,8.11826066970825,8.10026359558105,8.13611164093018
"628",-4.78083333333333,48.0480555555556,8.11826066970825,8.10026359558105,8.13611164093018
"629",-4.82777777777778,48.0733333333333,8.11826066970825,8.10026359558105,8.13611164093018
"630",-4.80916666666667,48.0847222222222,8.11826066970825,8.10026359558105,8.13611164093018
"631",-4.75833333333333,48.095,8.11872344546848,8.10010041130914,8.13725143008762
"632",-4.71472222222222,48.0816666666667,8.11872344546848,8.10010041130914,8.13725143008762
"633",-4.48777777777778,47.8713888888889,8.1256799697876,8.10691547393799,8.14656543731689
"634",-4.53722222222222,47.8847222222222,8.11956977844238,8.1061954498291,8.13392162322998
"635",-4.59,47.9077777777778,8.11956977844238,8.1061954498291,8.13392162322998
"636",-4.43,47.9313888888889,8.1256799697876,8.10691547393799,8.14656543731689
"637",-4.46027777777778,47.9569444444444,8.1256799697876,8.10691547393799,8.14656543731689
"638",-4.49055555555556,47.9794444444444,8.1256799697876,8.10691547393799,8.14656543731689
"639",-4.53222222222222,47.9880555555556,8.11956977844238,8.1061954498291,8.13392162322998
"640",124.2161,39.8933,7.96586465835571,7.86468267440796,8.0772705078125
"641",124.2186,39.8681,7.96586465835571,7.86468267440796,8.0772705078125
"642",124.1603,39.8311,7.96586465835571,7.86468267440796,8.0772705078125
"643",124.1436,39.7322,7.96586465835571,7.86468267440796,8.0772705078125
"644",124.1636,39.7828,7.96586465835571,7.86468267440796,8.0772705078125
"645",123.7419,39.6617,7.96586465835571,7.86468267440796,8.0772705078125
"646",123.8428,39.6617,7.96586465835571,7.86468267440796,8.0772705078125
"647",123.9389,39.6602,7.96586465835571,7.86468267440796,8.0772705078125
"648",124.04,39.6586,7.96586465835571,7.86468267440796,8.0772705078125
"649",124.1281,39.6597,7.96586465835571,7.86468267440796,8.0772705078125
"650",123.7425,39.6236,7.96586465835571,7.86468267440796,8.0772705078125
"651",123.8425,39.6244,7.96586465835571,7.86468267440796,8.0772705078125
"652",123.9431,39.6227,7.96586465835571,7.86468267440796,8.0772705078125
"653",124.0381,39.6256,7.96586465835571,7.86468267440796,8.0772705078125
"654",124.1122,39.6289,7.96586465835571,7.86468267440796,8.0772705078125
"655",123.7567,39.7311,7.96586465835571,7.86468267440796,8.0772705078125
"656",123.8047,39.7314,7.96586465835571,7.86468267440796,8.0772705078125
"657",123.8669,39.7297,7.96586465835571,7.86468267440796,8.0772705078125
"658",123.9367,39.7331,7.96586465835571,7.86468267440796,8.0772705078125
"659",124.0075,39.7314,7.96586465835571,7.86468267440796,8.0772705078125
"660",124.0711,39.7336,7.96586465835571,7.86468267440796,8.0772705078125
"661",123.7336,39.6961,7.96586465835571,7.86468267440796,8.0772705078125
"662",123.8033,39.6936,7.96586465835571,7.86468267440796,8.0772705078125
"663",123.8711,39.6986,7.96586465835571,7.86468267440796,8.0772705078125
"664",123.9403,39.6969,7.96586465835571,7.86468267440796,8.0772705078125
"665",124.0039,39.6947,7.96586465835571,7.86468267440796,8.0772705078125
"666",124.0708,39.6933,7.96586465835571,7.86468267440796,8.0772705078125
"667",9.39334,41.50884,8.11194324493408,8.04737615585327,8.15081739425659
"668",9.39328,41.50896,8.11194324493408,8.04737615585327,8.15081739425659
"669",9.3793,41.63094,8.11380043029785,8.04986171722412,8.15186462402344
"670",9.37832,41.63099,8.11380043029785,8.04986171722412,8.15186462402344
"671",8.44503,41.44503,8.11276912689209,8.0529317855835,8.14801502227783
"672",8.88995,41.44519,8.11563396453857,8.05677731831869,8.14963976542155
"673",8.84477,41.50819,8.11563396453857,8.05677731831869,8.14963976542155
"674",8.84413,41.50776,8.11563396453857,8.05677731831869,8.14963976542155
"675",9.25851,41.3125,8.11194324493408,8.04737615585327,8.15081739425659
"676",9.25792,41.31157,8.11194324493408,8.04737615585327,8.15081739425659
"677",9.32028,41.36332,8.11194324493408,8.04737615585327,8.15081739425659
"678",9.32042,41.36323,8.11194324493408,8.04737615585327,8.15081739425659
"679",9.25254,42.70461,8.11731052398682,8.05688190460205,8.1519447962443
"680",9.29745,42.73342,8.11731052398682,8.05688190460205,8.1519447962443
"681",9.29761,42.73331,8.11731052398682,8.05688190460205,8.1519447962443
"682",9.12198,42.73702,8.11731052398682,8.05688190460205,8.1519447962443
"683",8.88714,42.97671,8.11794424057007,8.05901074409485,8.15142154693604
"684",8.768,43.11205,8.12122917175293,8.05980396270752,8.15605354309082
"685",8.80272,43.12679,8.12122917175293,8.05980396270752,8.15605354309082
"686",9.28489,42.9983,8.11731052398682,8.05688190460205,8.1519447962443
"687",9.28504,43.04789,8.12122917175293,8.05980396270752,8.15605354309082
"688",9.1436,43.09,8.12122917175293,8.05980396270752,8.15605354309082
"689",9.1474,43.10634,8.12122917175293,8.05980396270752,8.15605354309082
"690",9.40751,43.02246,8.12122917175293,8.05980396270752,8.15605354309082
"691",9.48986,42.86571,8.11958122253418,8.05885696411133,8.15390968322754
"692",9.47248,42.75878,8.11581420898438,8.05397009849548,8.15200185775757
"693",9.47213,42.75875,8.11581420898438,8.05397009849548,8.15200185775757
